"COD_STAZ";"COD_GRAND";"RIGHE";"DATA_MIN";"DATA_MAX";
"CA008B624";"LIT";"128914";"01-GEN-22";"15-NOV-25";
"CA011B539";"PCT";"1993201";"01-GEN-22";"15-NOV-25";
"CA011B539";"TCH";"1382";"01-GEN-22";"17-OTT-25";
"CA011B539";"TCI";"66445";"01-GEN-22";"15-NOV-25";
"CA011B539";"TCL";"1382";"01-GEN-22";"17-OTT-25";
"CA011B539";"UCH";"1382";"01-GEN-22";"17-OTT-25";
"CA011B539";"UCL";"1382";"01-GEN-22";"17-OTT-25";
"CA018B579";"PCT";"1994349";"01-GEN-22";"15-NOV-25";
"CA018B579";"TCH";"1382";"01-GEN-22";"17-OTT-25";
"CA018B579";"TCI";"66483";"01-GEN-22";"15-NOV-25";
"CA018B579";"TCL";"1382";"01-GEN-22";"17-OTT-25";
"CA018B579";"UCH";"1382";"01-GEN-22";"17-OTT-25";
"CA018B579";"UCL";"1382";"01-GEN-22";"17-OTT-25";
"CA019B607";"DVA";"199223";"01-GEN-22";"15-NOV-25";
"CA019B607";"DVM";"199249";"01-GEN-22";"15-NOV-25";
"CA019B607";"LIT";"132844";"01-GEN-22";"15-NOV-25";
"CA019B607";"LJT";"132844";"01-GEN-22";"15-NOV-25";
"CA019B607";"PCT";"1992294";"01-GEN-22";"15-NOV-25";
"CA019B607";"TCH";"1352";"01-GEN-22";"17-OTT-25";
"CA019B607";"TCI";"66427";"01-GEN-22";"15-NOV-25";
"CA019B607";"TCL";"1352";"01-GEN-22";"17-OTT-25";
"CA019B607";"UCH";"1352";"01-GEN-22";"17-OTT-25";
"CA019B607";"UCL";"1352";"01-GEN-22";"17-OTT-25";
"CA019B607";"VAH";"704";"18-OTT-23";"17-OTT-25";
"CA019B607";"VAL";"704";"18-OTT-23";"17-OTT-25";
"CA019B607";"VAM";"199249";"01-GEN-22";"15-NOV-25";
"CA019B607";"VAV";"199249";"01-GEN-22";"15-NOV-25";
"CA020B623";"LIT";"104655";"01-GEN-22";"15-NOV-25";
"CA025B623";"LIT";"132543";"01-GEN-22";"15-NOV-25";
"CA027B574";"PCT";"1992301";"01-GEN-22";"15-NOV-25";
"CA027B574";"TCH";"1381";"01-GEN-22";"17-OTT-25";
"CA027B574";"TCI";"66390";"01-GEN-22";"15-NOV-25";
"CA027B574";"TCL";"1381";"01-GEN-22";"17-OTT-25";
"CA027B574";"UCH";"1381";"01-GEN-22";"17-OTT-25";
"CA027B574";"UCL";"1381";"01-GEN-22";"17-OTT-25";
"CA029B508";"LIT";"132958";"01-GEN-22";"15-NOV-25";
"CA029B508";"PCT";"1994364";"01-GEN-22";"15-NOV-25";
"CA029B508";"TCH";"1383";"01-GEN-22";"17-OTT-25";
"CA029B508";"TCI";"66483";"01-GEN-22";"15-NOV-25";
"CA029B508";"TCL";"1383";"01-GEN-22";"17-OTT-25";
"CA029B639";"LIT";"132808";"01-GEN-22";"15-NOV-25";
"CA031B576";"DVA";"199357";"01-GEN-22";"15-NOV-25";
"CA031B576";"DVM";"199412";"01-GEN-22";"15-NOV-25";
"CA031B576";"PCT";"1994043";"01-GEN-22";"15-NOV-25";
"CA031B576";"TCH";"1385";"01-GEN-22";"18-OTT-25";
"CA031B576";"TCI";"66482";"01-GEN-22";"15-NOV-25";
"CA031B576";"TCL";"1385";"01-GEN-22";"18-OTT-25";
"CA031B576";"UCH";"1385";"01-GEN-22";"18-OTT-25";
"CA031B576";"UCL";"1385";"01-GEN-22";"18-OTT-25";
"CA031B576";"VAM";"199412";"01-GEN-22";"15-NOV-25";
"CA031B576";"VAV";"199412";"01-GEN-22";"15-NOV-25";
"CA034B582";"DVA";"199339";"01-GEN-22";"15-NOV-25";
"CA034B582";"DVM";"199340";"01-GEN-22";"15-NOV-25";
"CA034B582";"PCT";"1993298";"01-GEN-22";"15-NOV-25";
"CA034B582";"TCH";"1385";"01-GEN-22";"18-OTT-25";
"CA034B582";"TCI";"66459";"01-GEN-22";"15-NOV-25";
"CA034B582";"TCL";"1385";"01-GEN-22";"18-OTT-25";
"CA034B582";"UCH";"1385";"01-GEN-22";"18-OTT-25";
"CA034B582";"UCL";"1385";"01-GEN-22";"18-OTT-25";
"CA034B582";"VAM";"199340";"01-GEN-22";"15-NOV-25";
"CA034B582";"VAV";"199342";"01-GEN-22";"15-NOV-25";
"CA036S072";"PCG";"1378";"01-GEN-22";"18-OTT-25";
"CA036S072";"PCT";"1983794";"01-GEN-22";"15-NOV-25";
"CA036S072";"TCG";"1378";"01-GEN-22";"18-OTT-25";
"CA036S072";"TCH";"1378";"01-GEN-22";"18-OTT-25";
"CA036S072";"TCI";"66114";"01-GEN-22";"15-NOV-25";
"CA036S072";"TCL";"1378";"01-GEN-22";"18-OTT-25";
"CA036S072";"TCM";"66135";"01-GEN-22";"15-NOV-25";
"CA036S072";"UCG";"1378";"01-GEN-22";"18-OTT-25";
"CA036S072";"UCH";"1378";"01-GEN-22";"18-OTT-25";
"CA036S072";"UCI";"66134";"01-GEN-22";"15-NOV-25";
"CA036S072";"UCL";"1378";"01-GEN-22";"18-OTT-25";
"CA038B635";"PCT";"1988953";"01-GEN-22";"15-NOV-25";
"CA038B635";"TCH";"1384";"01-GEN-22";"18-OTT-25";
"CA038B635";"TCI";"66313";"01-GEN-22";"15-NOV-25";
"CA038B635";"TCL";"1384";"01-GEN-22";"18-OTT-25";
"CA038B635";"UCH";"1384";"01-GEN-22";"18-OTT-25";
"CA038B635";"UCL";"1384";"01-GEN-22";"18-OTT-25";
"CA039B604";"LIH";"1377";"01-GEN-22";"17-OTT-25";
"CA039B604";"LIL";"1377";"01-GEN-22";"17-OTT-25";
"CA039B604";"LIT";"132952";"01-GEN-22";"15-NOV-25";
"CA039B604";"PCT";"1994199";"01-GEN-22";"15-NOV-25";
"CA039B604";"TCH";"1377";"01-GEN-22";"17-OTT-25";
"CA039B604";"TCI";"66478";"01-GEN-22";"15-NOV-25";
"CA039B604";"TCL";"1377";"01-GEN-22";"17-OTT-25";
"CA040B587";"LIT";"124680";"01-GEN-22";"19-AGO-25";
"CA040B587";"PCT";"1869888";"01-GEN-22";"19-AGO-25";
"CA040B587";"TCH";"1296";"01-GEN-22";"24-LUG-25";
"CA040B587";"TCI";"62356";"01-GEN-22";"19-AGO-25";
"CA040B587";"TCL";"1296";"01-GEN-22";"24-LUG-25";
"CA047B611";"DVA";"199263";"01-GEN-22";"15-NOV-25";
"CA047B611";"DVM";"199266";"01-GEN-22";"15-NOV-25";
"CA047B611";"LIT";"132863";"01-GEN-22";"15-NOV-25";
"CA047B611";"PCT";"1992921";"01-GEN-22";"15-NOV-25";
"CA047B611";"TCH";"1379";"01-GEN-22";"17-OTT-25";
"CA047B611";"TCI";"66434";"01-GEN-22";"15-NOV-25";
"CA047B611";"TCL";"1379";"01-GEN-22";"17-OTT-25";
"CA047B611";"UCH";"1379";"01-GEN-22";"17-OTT-25";
"CA047B611";"UCL";"1379";"01-GEN-22";"17-OTT-25";
"CA047B611";"VAH";"725";"19-OTT-23";"17-OTT-25";
"CA047B611";"VAL";"725";"19-OTT-23";"17-OTT-25";
"CA047B611";"VAM";"199266";"01-GEN-22";"15-NOV-25";
"CA047B611";"VAV";"199267";"01-GEN-22";"15-NOV-25";
"CA048B551";"PCT";"1994303";"01-GEN-22";"15-NOV-25";
"CA048B551";"TCH";"1382";"01-GEN-22";"17-OTT-25";
"CA048B551";"TCI";"66483";"01-GEN-22";"15-NOV-25";
"CA048B551";"TCL";"1382";"01-GEN-22";"17-OTT-25";
"CA048B551";"UCH";"1382";"01-GEN-22";"17-OTT-25";
"CA048B551";"UCL";"1382";"01-GEN-22";"17-OTT-25";
"CA049B523";"LIT";"132859";"01-GEN-22";"15-NOV-25";
"CA049B523";"PCT";"1993191";"01-GEN-22";"15-NOV-25";
"CA049B523";"TCH";"1381";"01-GEN-22";"17-OTT-25";
"CA049B523";"TCI";"66446";"01-GEN-22";"15-NOV-25";
"CA049B523";"TCL";"1381";"01-GEN-22";"17-OTT-25";
"CA049B573";"PCT";"1993148";"01-GEN-22";"15-NOV-25";
"CA049B573";"TCH";"1382";"01-GEN-22";"17-OTT-25";
"CA049B573";"TCI";"66443";"01-GEN-22";"15-NOV-25";
"CA049B573";"TCL";"1382";"01-GEN-22";"17-OTT-25";
"CA049B573";"UCH";"1382";"01-GEN-22";"17-OTT-25";
"CA049B573";"UCL";"1382";"01-GEN-22";"17-OTT-25";
"CA049B630";"LIT";"122433";"01-GEN-22";"15-NOV-25";
"CA049B640";"LIT";"132812";"01-GEN-22";"15-NOV-25";
"CA054S076";"PCG";"1362";"01-GEN-22";"18-OTT-25";
"CA054S076";"PCT";"1962816";"01-GEN-22";"15-NOV-25";
"CA054S076";"TCG";"1367";"01-GEN-22";"18-OTT-25";
"CA054S076";"TCH";"1367";"01-GEN-22";"18-OTT-25";
"CA054S076";"TCI";"65536";"01-GEN-22";"15-NOV-25";
"CA054S076";"TCL";"1367";"01-GEN-22";"18-OTT-25";
"CA054S076";"TCM";"65537";"01-GEN-22";"15-NOV-25";
"CA054S076";"UCG";"1367";"01-GEN-22";"18-OTT-25";
"CA054S076";"UCH";"1367";"01-GEN-22";"18-OTT-25";
"CA054S076";"UCI";"65536";"01-GEN-22";"15-NOV-25";
"CA054S076";"UCL";"1367";"01-GEN-22";"18-OTT-25";
"CA059B594";"PCT";"1990069";"01-GEN-22";"15-NOV-25";
"CA059B594";"TCH";"1370";"01-GEN-22";"17-OTT-25";
"CA059B594";"TCI";"66337";"01-GEN-22";"15-NOV-25";
"CA059B594";"TCL";"1370";"01-GEN-22";"17-OTT-25";
"CA059B594";"UCH";"1370";"01-GEN-22";"17-OTT-25";
"CA059B594";"UCL";"1370";"01-GEN-22";"17-OTT-25";
"CA059B627";"LIT";"61215";"13-DIC-23";"15-NOV-25";
"CA061B591";"PCT";"1992333";"01-GEN-22";"15-NOV-25";
"CA061B591";"TCH";"1380";"01-GEN-22";"17-OTT-25";
"CA061B591";"TCI";"66411";"01-GEN-22";"15-NOV-25";
"CA061B591";"TCL";"1380";"01-GEN-22";"17-OTT-25";
"CA061B591";"UCH";"1380";"01-GEN-22";"17-OTT-25";
"CA061B591";"UCL";"1380";"01-GEN-22";"17-OTT-25";
"CA067B529";"PCT";"1991808";"01-GEN-22";"15-NOV-25";
"CA067B529";"TCH";"1379";"01-GEN-22";"17-OTT-25";
"CA067B529";"TCI";"66401";"01-GEN-22";"15-NOV-25";
"CA067B529";"TCL";"1379";"01-GEN-22";"17-OTT-25";
"CA067B529";"UCH";"1379";"01-GEN-22";"17-OTT-25";
"CA067B529";"UCL";"1379";"01-GEN-22";"17-OTT-25";
"CA067B572";"DVA";"199264";"01-GEN-22";"15-NOV-25";
"CA067B572";"DVM";"199264";"01-GEN-22";"15-NOV-25";
"CA067B572";"PCT";"1992574";"01-GEN-22";"15-NOV-25";
"CA067B572";"TCH";"1377";"01-GEN-22";"17-OTT-25";
"CA067B572";"TCI";"66428";"01-GEN-22";"15-NOV-25";
"CA067B572";"TCL";"1377";"01-GEN-22";"17-OTT-25";
"CA067B572";"UCH";"1377";"01-GEN-22";"17-OTT-25";
"CA067B572";"UCL";"1377";"01-GEN-22";"17-OTT-25";
"CA067B572";"VAH";"723";"19-OTT-23";"17-OTT-25";
"CA067B572";"VAL";"723";"19-OTT-23";"17-OTT-25";
"CA067B572";"VAM";"199264";"01-GEN-22";"15-NOV-25";
"CA067B572";"VAV";"199264";"01-GEN-22";"15-NOV-25";
"CA067B610";"DVA";"198406";"01-GEN-22";"15-NOV-25";
"CA067B610";"DVM";"198407";"01-GEN-22";"15-NOV-25";
"CA067B610";"LIT";"132741";"01-GEN-22";"15-NOV-25";
"CA067B610";"PCT";"1984047";"01-GEN-22";"15-NOV-25";
"CA067B610";"TCH";"1375";"01-GEN-22";"17-OTT-25";
"CA067B610";"TCI";"66142";"01-GEN-22";"15-NOV-25";
"CA067B610";"TCL";"1375";"01-GEN-22";"17-OTT-25";
"CA067B610";"UCH";"1375";"01-GEN-22";"17-OTT-25";
"CA067B610";"UCL";"1375";"01-GEN-22";"17-OTT-25";
"CA067B610";"VAH";"718";"20-OTT-23";"17-OTT-25";
"CA067B610";"VAL";"719";"19-OTT-23";"17-OTT-25";
"CA067B610";"VAM";"198407";"01-GEN-22";"15-NOV-25";
"CA067B610";"VAV";"198410";"01-GEN-22";"15-NOV-25";
"CA069B522";"LIT";"132778";"01-GEN-22";"15-NOV-25";
"CA069B522";"PCT";"1991724";"01-GEN-22";"15-NOV-25";
"CA069B522";"TCH";"1381";"01-GEN-22";"17-OTT-25";
"CA069B522";"TCI";"66397";"01-GEN-22";"15-NOV-25";
"CA069B522";"TCL";"1381";"01-GEN-22";"17-OTT-25";
"CA071B514";"PCT";"1993247";"01-GEN-22";"15-NOV-25";
"CA071B514";"TCH";"1382";"01-GEN-22";"17-OTT-25";
"CA071B514";"TCI";"66450";"01-GEN-22";"15-NOV-25";
"CA071B514";"TCL";"1382";"01-GEN-22";"17-OTT-25";
"CA071B596";"DVA";"199005";"01-GEN-22";"15-NOV-25";
"CA071B596";"DVM";"199227";"01-GEN-22";"15-NOV-25";
"CA071B596";"LIT";"132840";"01-GEN-22";"15-NOV-25";
"CA071B596";"PCT";"1992301";"01-GEN-22";"15-NOV-25";
"CA071B596";"TCH";"1379";"01-GEN-22";"17-OTT-25";
"CA071B596";"TCI";"66416";"01-GEN-22";"15-NOV-25";
"CA071B596";"TCL";"1379";"01-GEN-22";"17-OTT-25";
"CA071B596";"VAH";"1379";"01-GEN-22";"17-OTT-25";
"CA071B596";"VAL";"1379";"01-GEN-22";"17-OTT-25";
"CA071B596";"VAM";"199224";"01-GEN-22";"15-NOV-25";
"CA071B596";"VAV";"199224";"01-GEN-22";"15-NOV-25";
"CA073B515";"PCT";"1993101";"01-GEN-22";"15-NOV-25";
"CA073B515";"TCH";"1382";"01-GEN-22";"17-OTT-25";
"CA073B515";"TCI";"66441";"01-GEN-22";"15-NOV-25";
"CA073B515";"TCL";"1382";"01-GEN-22";"17-OTT-25";
"CA073B583";"DVA";"191647";"01-GEN-22";"15-NOV-25";
"CA073B583";"DVM";"191648";"01-GEN-22";"15-NOV-25";
"CA073B583";"PCT";"1915990";"01-GEN-22";"15-NOV-25";
"CA073B583";"TCH";"1318";"01-GEN-22";"17-OTT-25";
"CA073B583";"TCI";"63882";"01-GEN-22";"15-NOV-25";
"CA073B583";"TCL";"1318";"01-GEN-22";"17-OTT-25";
"CA073B583";"VAH";"665";"19-OTT-23";"17-OTT-25";
"CA073B583";"VAL";"665";"19-OTT-23";"17-OTT-25";
"CA073B583";"VAM";"191648";"01-GEN-22";"15-NOV-25";
"CA073B583";"VAV";"191648";"01-GEN-22";"15-NOV-25";
"CA074B622";"LIT";"119061";"01-GEN-22";"15-NOV-25";
"CA074B622";"LJT";"105115";"17-OTT-22";"15-NOV-25";
"CA076B575";"PCT";"1994313";"01-GEN-22";"15-NOV-25";
"CA076B575";"TCH";"1382";"01-GEN-22";"17-OTT-25";
"CA076B575";"TCI";"66481";"01-GEN-22";"15-NOV-25";
"CA076B575";"TCL";"1382";"01-GEN-22";"17-OTT-25";
"CA076B599";"DVA";"199083";"01-GEN-22";"15-NOV-25";
"CA076B599";"DVM";"199132";"01-GEN-22";"15-NOV-25";
"CA076B599";"LIT";"132451";"01-GEN-22";"15-NOV-25";
"CA076B599";"PCT";"1991601";"01-GEN-22";"15-NOV-25";
"CA076B599";"TCH";"1380";"01-GEN-22";"17-OTT-25";
"CA076B599";"TCI";"66396";"01-GEN-22";"15-NOV-25";
"CA076B599";"TCL";"1381";"01-GEN-22";"17-OTT-25";
"CA076B599";"UCH";"1381";"01-GEN-22";"17-OTT-25";
"CA076B599";"UCL";"1381";"01-GEN-22";"17-OTT-25";
"CA076B599";"VAH";"726";"18-OTT-23";"17-OTT-25";
"CA076B599";"VAL";"726";"18-OTT-23";"17-OTT-25";
"CA076B599";"VAM";"199132";"01-GEN-22";"15-NOV-25";
"CA076B599";"VAV";"199132";"01-GEN-22";"15-NOV-25";
"CA078B631";"LIT";"125438";"01-GEN-22";"15-NOV-25";
"CA082B513";"PCT";"1991637";"01-GEN-22";"15-NOV-25";
"CA082B513";"TCH";"1381";"01-GEN-22";"17-OTT-25";
"CA082B513";"TCI";"66399";"01-GEN-22";"15-NOV-25";
"CA082B513";"TCL";"1381";"01-GEN-22";"17-OTT-25";
"CA082S073";"DVA";"198288";"01-GEN-22";"15-NOV-25";
"CA082S073";"DVG";"1377";"01-GEN-22";"18-OTT-25";
"CA082S073";"DVH";"1376";"01-GEN-22";"18-OTT-25";
"CA082S073";"DVM";"198301";"01-GEN-22";"15-NOV-25";
"CA082S073";"DVV";"1375";"01-GEN-22";"18-OTT-25";
"CA082S073";"PCG";"1376";"01-GEN-22";"18-OTT-25";
"CA082S073";"PCT";"1981705";"01-GEN-22";"15-NOV-25";
"CA082S073";"TCG";"1377";"01-GEN-22";"18-OTT-25";
"CA082S073";"TCH";"1377";"01-GEN-22";"18-OTT-25";
"CA082S073";"TCI";"66102";"01-GEN-22";"15-NOV-25";
"CA082S073";"TCL";"1377";"01-GEN-22";"18-OTT-25";
"CA082S073";"TCM";"66081";"01-GEN-22";"15-NOV-25";
"CA082S073";"UCG";"1377";"01-GEN-22";"18-OTT-25";
"CA082S073";"UCH";"1377";"01-GEN-22";"18-OTT-25";
"CA082S073";"UCI";"66105";"01-GEN-22";"15-NOV-25";
"CA082S073";"UCL";"1377";"01-GEN-22";"18-OTT-25";
"CA082S073";"VAD";"1376";"01-GEN-22";"18-OTT-25";
"CA082S073";"VAG";"1377";"01-GEN-22";"18-OTT-25";
"CA082S073";"VAH";"1376";"01-GEN-22";"18-OTT-25";
"CA082S073";"VAI";"33016";"01-GEN-22";"13-NOV-25";
"CA082S073";"VAM";"198301";"01-GEN-22";"15-NOV-25";
"CA082S073";"VAV";"198302";"01-GEN-22";"15-NOV-25";
"CA084B516";"DVA";"198991";"01-GEN-22";"15-NOV-25";
"CA084B516";"DVM";"199107";"01-GEN-22";"15-NOV-25";
"CA084B516";"PCT";"1990424";"01-GEN-22";"15-NOV-25";
"CA084B516";"TCH";"1385";"01-GEN-22";"18-OTT-25";
"CA084B516";"TCI";"66372";"01-GEN-22";"15-NOV-25";
"CA084B516";"TCL";"1385";"01-GEN-22";"18-OTT-25";
"CA084B516";"UCH";"1385";"01-GEN-22";"18-OTT-25";
"CA084B516";"UCL";"1385";"01-GEN-22";"18-OTT-25";
"CA084B516";"VAM";"199108";"01-GEN-22";"15-NOV-25";
"CA084B516";"VAV";"199009";"01-GEN-22";"15-NOV-25";
"CA085S080";"PCG";"705";"01-GEN-22";"18-OTT-25";
"CA085S080";"PCT";"1008663";"01-GEN-22";"15-NOV-25";
"CA085S080";"TCG";"721";"01-GEN-22";"18-OTT-25";
"CA085S080";"TCH";"721";"01-GEN-22";"18-OTT-25";
"CA085S080";"TCI";"34241";"01-GEN-22";"15-NOV-25";
"CA085S080";"TCL";"721";"01-GEN-22";"18-OTT-25";
"CA085S080";"TCM";"34241";"01-GEN-22";"15-NOV-25";
"CA085S080";"UCG";"721";"01-GEN-22";"18-OTT-25";
"CA085S080";"UCH";"721";"01-GEN-22";"18-OTT-25";
"CA085S080";"UCI";"34241";"01-GEN-22";"15-NOV-25";
"CA085S080";"UCL";"721";"01-GEN-22";"18-OTT-25";
"CA086B520";"PCT";"1993105";"01-GEN-22";"15-NOV-25";
"CA086B520";"TCH";"1380";"01-GEN-22";"17-OTT-25";
"CA086B520";"TCI";"66447";"01-GEN-22";"15-NOV-25";
"CA086B520";"TCL";"1380";"01-GEN-22";"17-OTT-25";
"CA090S074";"DVA";"199069";"01-GEN-22";"15-NOV-25";
"CA090S074";"DVG";"1382";"01-GEN-22";"18-OTT-25";
"CA090S074";"DVH";"1382";"01-GEN-22";"18-OTT-25";
"CA090S074";"DVM";"199070";"01-GEN-22";"15-NOV-25";
"CA090S074";"DVV";"1382";"01-GEN-22";"18-OTT-25";
"CA090S074";"PCG";"1381";"01-GEN-22";"18-OTT-25";
"CA090S074";"PCT";"1978294";"01-GEN-22";"15-NOV-25";
"CA090S074";"TCG";"1381";"01-GEN-22";"18-OTT-25";
"CA090S074";"TCH";"1381";"01-GEN-22";"18-OTT-25";
"CA090S074";"TCI";"66055";"01-GEN-22";"15-NOV-25";
"CA090S074";"TCL";"1381";"01-GEN-22";"18-OTT-25";
"CA090S074";"TCM";"65679";"01-GEN-22";"15-NOV-25";
"CA090S074";"UCG";"1381";"01-GEN-22";"18-OTT-25";
"CA090S074";"UCH";"1381";"01-GEN-22";"18-OTT-25";
"CA090S074";"UCI";"66055";"01-GEN-22";"15-NOV-25";
"CA090S074";"UCL";"1381";"01-GEN-22";"18-OTT-25";
"CA090S074";"VAD";"1382";"01-GEN-22";"18-OTT-25";
"CA090S074";"VAG";"1382";"01-GEN-22";"18-OTT-25";
"CA090S074";"VAH";"1382";"01-GEN-22";"18-OTT-25";
"CA090S074";"VAI";"33015";"01-GEN-22";"13-NOV-25";
"CA090S074";"VAM";"199068";"01-GEN-22";"15-NOV-25";
"CA090S074";"VAV";"199068";"01-GEN-22";"15-NOV-25";
"CA092B641";"LIT";"132816";"01-GEN-22";"15-NOV-25";
"CA094B605";"DVA";"199129";"01-GEN-22";"15-NOV-25";
"CA094B605";"DVM";"199156";"01-GEN-22";"15-NOV-25";
"CA094B605";"LIT";"132377";"01-GEN-22";"15-NOV-25";
"CA094B605";"PCT";"1991558";"01-GEN-22";"15-NOV-25";
"CA094B605";"TCH";"1380";"01-GEN-22";"17-OTT-25";
"CA094B605";"TCI";"66389";"01-GEN-22";"15-NOV-25";
"CA094B605";"TCL";"1380";"01-GEN-22";"17-OTT-25";
"CA094B605";"UCH";"1380";"01-GEN-22";"17-OTT-25";
"CA094B605";"UCL";"1380";"01-GEN-22";"17-OTT-25";
"CA094B605";"VAH";"1380";"01-GEN-22";"17-OTT-25";
"CA094B605";"VAL";"1380";"01-GEN-22";"17-OTT-25";
"CA094B605";"VAM";"199156";"01-GEN-22";"15-NOV-25";
"CA094B605";"VAV";"199156";"01-GEN-22";"15-NOV-25";
"CA095B566";"DVA";"199343";"01-GEN-22";"15-NOV-25";
"CA095B566";"DVM";"199343";"01-GEN-22";"15-NOV-25";
"CA095B566";"PCT";"1993406";"01-GEN-22";"15-NOV-25";
"CA095B566";"TCH";"1380";"01-GEN-22";"17-OTT-25";
"CA095B566";"TCI";"66454";"01-GEN-22";"15-NOV-25";
"CA095B566";"TCL";"1380";"01-GEN-22";"17-OTT-25";
"CA095B566";"VAH";"1380";"01-GEN-22";"17-OTT-25";
"CA095B566";"VAL";"1380";"01-GEN-22";"17-OTT-25";
"CA095B566";"VAM";"199343";"01-GEN-22";"15-NOV-25";
"CA095B566";"VAV";"199343";"01-GEN-22";"15-NOV-25";
"CA095B577";"PCT";"1993158";"01-GEN-22";"15-NOV-25";
"CA095B577";"TCH";"1382";"01-GEN-22";"17-OTT-25";
"CA095B577";"TCI";"66443";"01-GEN-22";"15-NOV-25";
"CA095B577";"TCL";"1382";"01-GEN-22";"17-OTT-25";
"CA095B577";"UCH";"1382";"01-GEN-22";"17-OTT-25";
"CA095B577";"UCL";"1382";"01-GEN-22";"17-OTT-25";
"CA097B578";"DVA";"199062";"01-GEN-22";"15-NOV-25";
"CA097B578";"DVM";"199075";"01-GEN-22";"15-NOV-25";
"CA097B578";"PCT";"1990313";"01-GEN-22";"15-NOV-25";
"CA097B578";"TCH";"1385";"01-GEN-22";"18-OTT-25";
"CA097B578";"TCI";"66383";"01-GEN-22";"15-NOV-25";
"CA097B578";"TCL";"1385";"01-GEN-22";"18-OTT-25";
"CA097B578";"UCH";"1385";"01-GEN-22";"18-OTT-25";
"CA097B578";"UCL";"1385";"01-GEN-22";"18-OTT-25";
"CA097B578";"VAM";"199075";"01-GEN-22";"15-NOV-25";
"CA097B578";"VAV";"199075";"01-GEN-22";"15-NOV-25";
"CA101B562";"PCT";"1993124";"01-GEN-22";"15-NOV-25";
"CA101B562";"TCH";"1382";"01-GEN-22";"17-OTT-25";
"CA101B562";"TCI";"66444";"01-GEN-22";"15-NOV-25";
"CA101B562";"TCL";"1382";"01-GEN-22";"17-OTT-25";
"CA101B562";"UCH";"1382";"01-GEN-22";"17-OTT-25";
"CA101B562";"UCL";"1382";"01-GEN-22";"17-OTT-25";
"CA102B530";"PCT";"1993229";"01-GEN-22";"15-NOV-25";
"CA102B530";"TCH";"1381";"01-GEN-22";"17-OTT-25";
"CA102B530";"TCI";"66419";"01-GEN-22";"15-NOV-25";
"CA102B530";"TCL";"1381";"01-GEN-22";"17-OTT-25";
"CA102B530";"UCH";"1382";"01-GEN-22";"17-OTT-25";
"CA102B530";"UCL";"1382";"01-GEN-22";"17-OTT-25";
"CA102B565";"PCT";"1994417";"01-GEN-22";"15-NOV-25";
"CA102B565";"TCH";"1381";"01-GEN-22";"17-OTT-25";
"CA102B565";"TCI";"66489";"01-GEN-22";"15-NOV-25";
"CA102B565";"TCL";"1381";"01-GEN-22";"17-OTT-25";
"CA102B565";"UCH";"1381";"01-GEN-22";"17-OTT-25";
"CA102B565";"UCL";"1381";"01-GEN-22";"17-OTT-25";
"CA105B542";"PCT";"1991182";"01-GEN-22";"15-NOV-25";
"CA105B542";"TCH";"1354";"01-GEN-22";"17-OTT-25";
"CA105B542";"TCI";"66388";"01-GEN-22";"15-NOV-25";
"CA105B542";"TCL";"1354";"01-GEN-22";"17-OTT-25";
"CA105B542";"UCH";"1354";"01-GEN-22";"17-OTT-25";
"CA105B542";"UCL";"1354";"01-GEN-22";"17-OTT-25";
"NU003B609";"DVA";"199409";"01-GEN-22";"15-NOV-25";
"NU003B609";"DVM";"199407";"01-GEN-22";"15-NOV-25";
"NU003B609";"LIT";"121059";"01-GEN-22";"15-NOV-25";
"NU003B609";"LJT";"121025";"01-GEN-22";"15-NOV-25";
"NU003B609";"PCT";"1994072";"01-GEN-22";"15-NOV-25";
"NU003B609";"TCH";"1380";"01-GEN-22";"17-OTT-25";
"NU003B609";"TCI";"66471";"01-GEN-22";"15-NOV-25";
"NU003B609";"TCL";"1380";"01-GEN-22";"17-OTT-25";
"NU003B609";"UCH";"1380";"01-GEN-22";"17-OTT-25";
"NU003B609";"UCL";"1380";"01-GEN-22";"17-OTT-25";
"NU003B609";"VAM";"199410";"01-GEN-22";"15-NOV-25";
"NU003B609";"VAV";"199407";"01-GEN-22";"15-NOV-25";
"NU004B620";"LIT";"132849";"01-GEN-22";"15-NOV-25";
"NU005B642";"PCT";"1992671";"01-GEN-22";"15-NOV-25";
"NU005B642";"TCH";"1384";"01-GEN-22";"18-OTT-25";
"NU005B642";"TCI";"66427";"01-GEN-22";"15-NOV-25";
"NU005B642";"TCL";"1384";"01-GEN-22";"18-OTT-25";
"NU005B642";"UCH";"1384";"01-GEN-22";"18-OTT-25";
"NU005B642";"UCL";"1384";"01-GEN-22";"18-OTT-25";
"NU005B643";"LIT";"132381";"01-GEN-22";"15-NOV-25";
"NU006B584";"PCT";"1994420";"01-GEN-22";"15-NOV-25";
"NU006B584";"TCH";"1383";"01-GEN-22";"17-OTT-25";
"NU006B584";"TCI";"66484";"01-GEN-22";"15-NOV-25";
"NU006B584";"TCL";"1383";"01-GEN-22";"17-OTT-25";
"NU006B584";"UCH";"1383";"01-GEN-22";"17-OTT-25";
"NU006B584";"UCL";"1383";"01-GEN-22";"17-OTT-25";
"NU007B557";"PCT";"1994327";"01-GEN-22";"15-NOV-25";
"NU007B557";"TCH";"1383";"01-GEN-22";"17-OTT-25";
"NU007B557";"TCI";"66483";"01-GEN-22";"15-NOV-25";
"NU007B557";"TCL";"1383";"01-GEN-22";"17-OTT-25";
"NU007B557";"UCH";"1383";"01-GEN-22";"17-OTT-25";
"NU007B557";"UCL";"1383";"01-GEN-22";"17-OTT-25";
"NU008B538";"PCT";"1994366";"01-GEN-22";"15-NOV-25";
"NU008B538";"TCH";"1382";"01-GEN-22";"17-OTT-25";
"NU008B538";"TCI";"66486";"01-GEN-22";"15-NOV-25";
"NU008B538";"TCL";"1382";"01-GEN-22";"17-OTT-25";
"NU008B538";"UCH";"1382";"01-GEN-22";"17-OTT-25";
"NU008B538";"UCL";"1382";"01-GEN-22";"17-OTT-25";
"NU010B535";"DVA";"199426";"01-GEN-22";"15-NOV-25";
"NU010B535";"DVM";"199425";"01-GEN-22";"15-NOV-25";
"NU010B535";"PCT";"1994267";"01-GEN-22";"15-NOV-25";
"NU010B535";"TCH";"1383";"01-GEN-22";"17-OTT-25";
"NU010B535";"TCI";"66479";"01-GEN-22";"15-NOV-25";
"NU010B535";"TCL";"1383";"01-GEN-22";"17-OTT-25";
"NU010B535";"UCH";"1383";"01-GEN-22";"17-OTT-25";
"NU010B535";"UCL";"1383";"01-GEN-22";"17-OTT-25";
"NU010B535";"VAH";"1383";"01-GEN-22";"17-OTT-25";
"NU010B535";"VAL";"1383";"01-GEN-22";"17-OTT-25";
"NU010B535";"VAM";"199425";"01-GEN-22";"15-NOV-25";
"NU010B535";"VAV";"199425";"01-GEN-22";"15-NOV-25";
"NU011B555";"PCT";"1994461";"01-GEN-22";"15-NOV-25";
"NU011B555";"TCH";"1383";"01-GEN-22";"17-OTT-25";
"NU011B555";"TCI";"66483";"01-GEN-22";"15-NOV-25";
"NU011B555";"TCL";"1383";"01-GEN-22";"17-OTT-25";
"NU014B608";"LIT";"132959";"01-GEN-22";"15-NOV-25";
"NU014B608";"LJT";"105211";"17-OTT-22";"15-NOV-25";
"NU015B595";"LIT";"132766";"01-GEN-22";"15-NOV-25";
"NU015B614";"LIT";"132827";"01-GEN-22";"15-NOV-25";
"NU016B554";"DVA";"199424";"01-GEN-22";"15-NOV-25";
"NU016B554";"DVM";"199428";"01-GEN-22";"15-NOV-25";
"NU016B554";"PCT";"1994326";"01-GEN-22";"15-NOV-25";
"NU016B554";"TCH";"1381";"01-GEN-22";"17-OTT-25";
"NU016B554";"TCI";"66483";"01-GEN-22";"15-NOV-25";
"NU016B554";"TCL";"1381";"01-GEN-22";"17-OTT-25";
"NU016B554";"UCH";"1381";"01-GEN-22";"17-OTT-25";
"NU016B554";"UCL";"1381";"01-GEN-22";"17-OTT-25";
"NU016B554";"VAH";"726";"19-OTT-23";"17-OTT-25";
"NU016B554";"VAL";"726";"19-OTT-23";"17-OTT-25";
"NU016B554";"VAM";"199428";"01-GEN-22";"15-NOV-25";
"NU016B554";"VAV";"199428";"01-GEN-22";"15-NOV-25";
"NU016S078";"PCG";"716";"01-GEN-22";"21-DIC-23";
"NU016S078";"PCT";"1032469";"01-GEN-22";"21-DIC-23";
"NU016S078";"TCG";"718";"01-GEN-22";"21-DIC-23";
"NU016S078";"TCH";"718";"01-GEN-22";"21-DIC-23";
"NU016S078";"TCI";"34113";"01-GEN-22";"21-DIC-23";
"NU016S078";"TCL";"718";"01-GEN-22";"21-DIC-23";
"NU016S078";"TCM";"17213";"01-GEN-22";"21-DIC-23";
"NU016S078";"UCG";"718";"01-GEN-22";"21-DIC-23";
"NU016S078";"UCH";"718";"01-GEN-22";"21-DIC-23";
"NU016S078";"UCI";"34113";"01-GEN-22";"21-DIC-23";
"NU016S078";"UCL";"718";"01-GEN-22";"21-DIC-23";
"NU017B550";"PCT";"1991590";"01-GEN-22";"15-NOV-25";
"NU017B550";"TCH";"1380";"01-GEN-22";"17-OTT-25";
"NU017B550";"TCI";"66397";"01-GEN-22";"15-NOV-25";
"NU017B550";"TCL";"1380";"01-GEN-22";"17-OTT-25";
"NU017B550";"UCH";"1380";"01-GEN-22";"17-OTT-25";
"NU017B550";"UCL";"1380";"01-GEN-22";"17-OTT-25";
"NU019B519";"DVA";"199365";"01-GEN-22";"15-NOV-25";
"NU019B519";"DVM";"199408";"01-GEN-22";"15-NOV-25";
"NU019B519";"PCT";"1994044";"01-GEN-22";"15-NOV-25";
"NU019B519";"TCH";"1363";"01-GEN-22";"17-OTT-25";
"NU019B519";"TCI";"66489";"01-GEN-22";"15-NOV-25";
"NU019B519";"TCL";"1363";"01-GEN-22";"17-OTT-25";
"NU019B519";"UCH";"1363";"01-GEN-22";"17-OTT-25";
"NU019B519";"UCL";"1363";"01-GEN-22";"17-OTT-25";
"NU019B519";"VAH";"1363";"01-GEN-22";"17-OTT-25";
"NU019B519";"VAL";"1363";"01-GEN-22";"17-OTT-25";
"NU019B519";"VAM";"199408";"01-GEN-22";"15-NOV-25";
"NU019B519";"VAV";"199408";"01-GEN-22";"15-NOV-25";
"NU019S077";"PCG";"1378";"01-GEN-22";"18-OTT-25";
"NU019S077";"PCT";"1982218";"01-GEN-22";"15-NOV-25";
"NU019S077";"TCG";"1378";"01-GEN-22";"18-OTT-25";
"NU019S077";"TCH";"1378";"01-GEN-22";"18-OTT-25";
"NU019S077";"TCI";"66082";"01-GEN-22";"15-NOV-25";
"NU019S077";"TCL";"1378";"01-GEN-22";"18-OTT-25";
"NU019S077";"TCM";"66082";"01-GEN-22";"15-NOV-25";
"NU019S077";"UCG";"1378";"01-GEN-22";"18-OTT-25";
"NU019S077";"UCH";"1378";"01-GEN-22";"18-OTT-25";
"NU019S077";"UCI";"66082";"01-GEN-22";"15-NOV-25";
"NU019S077";"UCL";"1378";"01-GEN-22";"18-OTT-25";
"NU023B512";"PCT";"1994548";"01-GEN-22";"15-NOV-25";
"NU023B512";"TCH";"1383";"01-GEN-22";"17-OTT-25";
"NU023B512";"TCI";"66487";"01-GEN-22";"15-NOV-25";
"NU023B512";"TCL";"1383";"01-GEN-22";"17-OTT-25";
"NU023B632";"LIT";"127351";"01-GEN-22";"15-NOV-25";
"NU023B647";"LIT";"132675";"01-GEN-22";"15-NOV-25";
"NU024B548";"PCT";"1994291";"01-GEN-22";"15-NOV-25";
"NU024B548";"TCH";"1383";"01-GEN-22";"17-OTT-25";
"NU024B548";"TCI";"66487";"01-GEN-22";"15-NOV-25";
"NU024B548";"TCL";"1383";"01-GEN-22";"17-OTT-25";
"NU024B598";"DVA";"199365";"01-GEN-22";"15-NOV-25";
"NU024B598";"DVM";"199407";"01-GEN-22";"15-NOV-25";
"NU024B598";"LIT";"132958";"01-GEN-22";"15-NOV-25";
"NU024B598";"PCT";"1994107";"01-GEN-22";"15-NOV-25";
"NU024B598";"TCH";"1383";"01-GEN-22";"17-OTT-25";
"NU024B598";"TCI";"66475";"01-GEN-22";"15-NOV-25";
"NU024B598";"TCL";"1383";"01-GEN-22";"17-OTT-25";
"NU024B598";"UCH";"1383";"01-GEN-22";"17-OTT-25";
"NU024B598";"UCL";"1383";"01-GEN-22";"17-OTT-25";
"NU024B598";"VAH";"727";"19-OTT-23";"17-OTT-25";
"NU024B598";"VAL";"727";"19-OTT-23";"17-OTT-25";
"NU024B598";"VAM";"199407";"01-GEN-22";"15-NOV-25";
"NU024B598";"VAV";"199407";"01-GEN-22";"15-NOV-25";
"NU034B536";"PCT";"1991443";"01-GEN-22";"15-NOV-25";
"NU034B536";"TCH";"1380";"01-GEN-22";"17-OTT-25";
"NU034B536";"TCI";"66388";"01-GEN-22";"15-NOV-25";
"NU034B536";"TCL";"1380";"01-GEN-22";"17-OTT-25";
"NU037B552";"PCT";"1992388";"01-GEN-22";"15-NOV-25";
"NU037B552";"TCH";"1383";"01-GEN-22";"17-OTT-25";
"NU037B552";"TCI";"66485";"01-GEN-22";"15-NOV-25";
"NU037B552";"TCL";"1383";"01-GEN-22";"17-OTT-25";
"NU037B552";"UCH";"1383";"01-GEN-22";"17-OTT-25";
"NU037B552";"UCL";"1383";"01-GEN-22";"17-OTT-25";
"NU043B537";"PCT";"1990039";"01-GEN-22";"15-NOV-25";
"NU043B537";"TCH";"1182";"01-GEN-22";"17-OTT-25";
"NU043B537";"TCI";"60238";"01-GEN-22";"15-NOV-25";
"NU043B537";"TCL";"1182";"01-GEN-22";"17-OTT-25";
"NU043B537";"UCH";"1182";"01-GEN-22";"17-OTT-25";
"NU043B537";"UCL";"1182";"01-GEN-22";"17-OTT-25";
"NU044B543";"DVA";"199431";"01-GEN-22";"15-NOV-25";
"NU044B543";"DVM";"199431";"01-GEN-22";"15-NOV-25";
"NU044B543";"PCT";"1994292";"01-GEN-22";"15-NOV-25";
"NU044B543";"TCH";"1383";"01-GEN-22";"17-OTT-25";
"NU044B543";"TCI";"66477";"01-GEN-22";"15-NOV-25";
"NU044B543";"TCL";"1383";"01-GEN-22";"17-OTT-25";
"NU044B543";"UCH";"1383";"01-GEN-22";"17-OTT-25";
"NU044B543";"UCL";"1383";"01-GEN-22";"17-OTT-25";
"NU044B543";"VAH";"727";"19-OTT-23";"17-OTT-25";
"NU044B543";"VAL";"727";"19-OTT-23";"17-OTT-25";
"NU044B543";"VAM";"199431";"01-GEN-22";"15-NOV-25";
"NU044B543";"VAV";"199431";"01-GEN-22";"15-NOV-25";
"NU048B525";"PCT";"1993016";"01-GEN-22";"15-NOV-25";
"NU048B525";"TCH";"1364";"01-GEN-22";"17-OTT-25";
"NU048B525";"TCI";"66448";"01-GEN-22";"15-NOV-25";
"NU048B525";"TCL";"1364";"01-GEN-22";"17-OTT-25";
"NU048B525";"UCH";"1364";"01-GEN-22";"17-OTT-25";
"NU048B525";"UCL";"1364";"01-GEN-22";"17-OTT-25";
"NU051B527";"PCT";"1993876";"01-GEN-22";"15-NOV-25";
"NU051B527";"TCH";"1371";"01-GEN-22";"17-OTT-25";
"NU051B527";"TCI";"66471";"01-GEN-22";"15-NOV-25";
"NU051B527";"TCL";"1371";"01-GEN-22";"17-OTT-25";
"NU051B527";"UCH";"1371";"01-GEN-22";"17-OTT-25";
"NU051B527";"UCL";"1371";"01-GEN-22";"17-OTT-25";
"NU057B511";"PCT";"1994176";"01-GEN-22";"15-NOV-25";
"NU057B511";"TCH";"1381";"01-GEN-22";"17-OTT-25";
"NU057B511";"TCI";"66476";"01-GEN-22";"15-NOV-25";
"NU057B511";"TCL";"1381";"01-GEN-22";"17-OTT-25";
"NU057B511";"UCH";"1381";"01-GEN-22";"17-OTT-25";
"NU057B511";"UCL";"1381";"01-GEN-22";"17-OTT-25";
"NU060B636";"PCT";"1626696";"01-GEN-22";"13-FEB-25";
"NU060B636";"TCH";"1140";"01-GEN-22";"13-FEB-25";
"NU060B636";"TCI";"54236";"01-GEN-22";"13-FEB-25";
"NU060B636";"TCL";"1140";"01-GEN-22";"13-FEB-25";
"NU060B636";"UCH";"1140";"01-GEN-22";"13-FEB-25";
"NU060B636";"UCL";"1140";"01-GEN-22";"13-FEB-25";
"NU062B626";"LIT";"132775";"01-GEN-22";"15-NOV-25";
"NU063B509";"LIT";"132878";"01-GEN-22";"15-NOV-25";
"NU063B509";"PCT";"1994268";"01-GEN-22";"15-NOV-25";
"NU063B509";"TCH";"1381";"01-GEN-22";"17-OTT-25";
"NU063B509";"TCI";"66476";"01-GEN-22";"15-NOV-25";
"NU063B509";"TCL";"1381";"01-GEN-22";"17-OTT-25";
"NU063B612";"DVA";"199236";"01-GEN-22";"15-NOV-25";
"NU063B612";"DVM";"199317";"01-GEN-22";"15-NOV-25";
"NU063B612";"PCT";"1993065";"01-GEN-22";"15-NOV-25";
"NU063B612";"TCH";"1380";"01-GEN-22";"17-OTT-25";
"NU063B612";"TCI";"66439";"01-GEN-22";"15-NOV-25";
"NU063B612";"TCL";"1380";"01-GEN-22";"17-OTT-25";
"NU063B612";"UCH";"1380";"01-GEN-22";"17-OTT-25";
"NU063B612";"UCL";"1380";"01-GEN-22";"17-OTT-25";
"NU063B612";"VAH";"1380";"01-GEN-22";"17-OTT-25";
"NU063B612";"VAL";"1380";"01-GEN-22";"17-OTT-25";
"NU063B612";"VAM";"199317";"01-GEN-22";"15-NOV-25";
"NU063B612";"VAV";"199317";"01-GEN-22";"15-NOV-25";
"NU063B641";"LIT";"126919";"01-GEN-22";"15-NOV-25";
"NU063B650";"LIT";"132770";"01-GEN-22";"15-NOV-25";
"NU065B546";"PCT";"1994057";"01-GEN-22";"15-NOV-25";
"NU065B546";"TCH";"1379";"01-GEN-22";"17-OTT-25";
"NU065B546";"TCI";"66473";"01-GEN-22";"15-NOV-25";
"NU065B546";"TCL";"1379";"01-GEN-22";"17-OTT-25";
"NU068B622";"LIT";"132851";"01-GEN-22";"15-NOV-25";
"NU073B534";"PCT";"1993228";"01-GEN-22";"15-NOV-25";
"NU073B534";"TCH";"1380";"01-GEN-22";"17-OTT-25";
"NU073B534";"TCI";"66441";"01-GEN-22";"15-NOV-25";
"NU073B534";"TCL";"1380";"01-GEN-22";"17-OTT-25";
"NU074B640";"LIT";"87902";"13-APR-23";"15-NOV-25";
"NU076B533";"PCT";"1994420";"01-GEN-22";"15-NOV-25";
"NU076B533";"TCH";"1382";"01-GEN-22";"17-OTT-25";
"NU076B533";"TCI";"66481";"01-GEN-22";"15-NOV-25";
"NU076B533";"TCL";"1382";"01-GEN-22";"17-OTT-25";
"NU076B533";"UCH";"1382";"01-GEN-22";"17-OTT-25";
"NU076B533";"UCL";"1382";"01-GEN-22";"17-OTT-25";
"NU077B567";"PCT";"1993171";"01-GEN-22";"15-NOV-25";
"NU077B567";"TCH";"1380";"01-GEN-22";"17-OTT-25";
"NU077B567";"TCI";"66444";"01-GEN-22";"15-NOV-25";
"NU077B567";"TCL";"1380";"01-GEN-22";"17-OTT-25";
"NU077B567";"UCH";"1380";"01-GEN-22";"17-OTT-25";
"NU077B567";"UCL";"1380";"01-GEN-22";"17-OTT-25";
"NU077B637";"PCT";"1991953";"01-GEN-22";"15-NOV-25";
"NU077B637";"TCH";"1384";"01-GEN-22";"18-OTT-25";
"NU077B637";"TCI";"66410";"01-GEN-22";"15-NOV-25";
"NU077B637";"TCL";"1384";"01-GEN-22";"18-OTT-25";
"NU077B637";"UCH";"1384";"01-GEN-22";"18-OTT-25";
"NU077B637";"UCL";"1384";"01-GEN-22";"18-OTT-25";
"NU079B639";"LIT";"132792";"01-GEN-22";"15-NOV-25";
"NU080B638";"PCT";"1992465";"01-GEN-22";"15-NOV-25";
"NU080B638";"TCH";"1384";"01-GEN-22";"18-OTT-25";
"NU080B638";"TCI";"66427";"01-GEN-22";"15-NOV-25";
"NU080B638";"TCL";"1384";"01-GEN-22";"18-OTT-25";
"NU080B638";"UCH";"1384";"01-GEN-22";"18-OTT-25";
"NU080B638";"UCL";"1384";"01-GEN-22";"18-OTT-25";
"NU081B570";"PCT";"1990968";"01-GEN-22";"15-NOV-25";
"NU081B570";"TCH";"1371";"01-GEN-22";"17-OTT-25";
"NU081B570";"TCI";"66347";"01-GEN-22";"15-NOV-25";
"NU081B570";"TCL";"1371";"01-GEN-22";"17-OTT-25";
"NU081B570";"UCH";"1371";"01-GEN-22";"17-OTT-25";
"NU081B570";"UCL";"1371";"01-GEN-22";"17-OTT-25";
"NU085B531";"PCT";"1993263";"01-GEN-22";"15-NOV-25";
"NU085B531";"TCH";"1380";"01-GEN-22";"17-OTT-25";
"NU085B531";"TCI";"66445";"01-GEN-22";"15-NOV-25";
"NU085B531";"TCL";"1380";"01-GEN-22";"17-OTT-25";
"NU087B547";"DVA";"199084";"01-GEN-22";"15-NOV-25";
"NU087B547";"DVM";"199086";"01-GEN-22";"15-NOV-25";
"NU087B547";"PCT";"1991703";"01-GEN-22";"15-NOV-25";
"NU087B547";"TCH";"1372";"01-GEN-22";"17-OTT-25";
"NU087B547";"TCI";"66362";"01-GEN-22";"15-NOV-25";
"NU087B547";"TCL";"1372";"01-GEN-22";"17-OTT-25";
"NU087B547";"VAH";"1372";"01-GEN-22";"17-OTT-25";
"NU087B547";"VAL";"1372";"01-GEN-22";"17-OTT-25";
"NU087B547";"VAM";"199086";"01-GEN-22";"15-NOV-25";
"NU087B547";"VAV";"199086";"01-GEN-22";"15-NOV-25";
"NU090B603";"DVA";"199213";"01-GEN-22";"15-NOV-25";
"NU090B603";"DVM";"199272";"01-GEN-22";"15-NOV-25";
"NU090B603";"LIT";"132845";"01-GEN-22";"15-NOV-25";
"NU090B603";"PCT";"1992743";"01-GEN-22";"15-NOV-25";
"NU090B603";"TCH";"1378";"01-GEN-22";"17-OTT-25";
"NU090B603";"TCI";"66425";"01-GEN-22";"15-NOV-25";
"NU090B603";"TCL";"1378";"01-GEN-22";"17-OTT-25";
"NU090B603";"UCH";"1378";"01-GEN-22";"17-OTT-25";
"NU090B603";"UCL";"1378";"01-GEN-22";"17-OTT-25";
"NU090B603";"VAH";"724";"18-OTT-23";"17-OTT-25";
"NU090B603";"VAL";"724";"18-OTT-23";"17-OTT-25";
"NU090B603";"VAM";"199275";"01-GEN-22";"15-NOV-25";
"NU090B603";"VAV";"199275";"01-GEN-22";"15-NOV-25";
"NU095B588";"PCT";"1993185";"01-GEN-22";"15-NOV-25";
"NU095B588";"TCH";"1380";"01-GEN-22";"17-OTT-25";
"NU095B588";"TCI";"66442";"01-GEN-22";"15-NOV-25";
"NU095B588";"TCL";"1380";"01-GEN-22";"17-OTT-25";
"NU095B625";"LIT";"132861";"01-GEN-22";"15-NOV-25";
"NU096B602";"DVA";"199348";"01-GEN-22";"15-NOV-25";
"NU096B602";"DVM";"199356";"01-GEN-22";"15-NOV-25";
"NU096B602";"LIT";"132905";"01-GEN-22";"15-NOV-25";
"NU096B602";"LJT";"132905";"01-GEN-22";"15-NOV-25";
"NU096B602";"PCT";"1993563";"01-GEN-22";"15-NOV-25";
"NU096B602";"TCH";"1382";"01-GEN-22";"17-OTT-25";
"NU096B602";"TCI";"66448";"01-GEN-22";"15-NOV-25";
"NU096B602";"TCL";"1382";"01-GEN-22";"17-OTT-25";
"NU096B602";"UCH";"1382";"01-GEN-22";"17-OTT-25";
"NU096B602";"UCL";"1382";"01-GEN-22";"17-OTT-25";
"NU096B602";"VAH";"726";"19-OTT-23";"17-OTT-25";
"NU096B602";"VAL";"726";"19-OTT-23";"17-OTT-25";
"NU096B602";"VAM";"199356";"01-GEN-22";"15-NOV-25";
"NU096B602";"VAV";"199356";"01-GEN-22";"15-NOV-25";
"NU098B518";"PCT";"1992093";"01-GEN-22";"15-NOV-25";
"NU098B518";"TCH";"1381";"01-GEN-22";"17-OTT-25";
"NU098B518";"TCI";"66390";"01-GEN-22";"15-NOV-25";
"NU098B518";"TCL";"1381";"01-GEN-22";"17-OTT-25";
"NU098S075";"PCG";"720";"01-GEN-22";"21-DIC-23";
"NU098S075";"PCT";"1035697";"01-GEN-22";"21-DIC-23";
"NU098S075";"TCG";"720";"01-GEN-22";"21-DIC-23";
"NU098S075";"TCH";"720";"01-GEN-22";"21-DIC-23";
"NU098S075";"TCI";"34528";"01-GEN-22";"21-DIC-23";
"NU098S075";"TCL";"720";"01-GEN-22";"21-DIC-23";
"NU098S075";"TCM";"34528";"01-GEN-22";"21-DIC-23";
"NU098S075";"UCG";"720";"01-GEN-22";"21-DIC-23";
"NU098S075";"UCH";"720";"01-GEN-22";"21-DIC-23";
"NU098S075";"UCI";"34528";"01-GEN-22";"21-DIC-23";
"NU098S075";"UCL";"720";"01-GEN-22";"21-DIC-23";
"OR005B581";"PCT";"1989242";"01-GEN-22";"15-NOV-25";
"OR005B581";"TCH";"1383";"01-GEN-22";"17-OTT-25";
"OR005B581";"TCI";"66327";"01-GEN-22";"15-NOV-25";
"OR005B581";"TCL";"1383";"01-GEN-22";"17-OTT-25";
"OR005B581";"UCH";"1383";"01-GEN-22";"17-OTT-25";
"OR005B581";"UCL";"1383";"01-GEN-22";"17-OTT-25";
"OR007B506";"DVA";"130966";"16-APR-23";"15-NOV-25";
"OR007B506";"DVM";"131039";"16-APR-23";"15-NOV-25";
"OR007B506";"PCT";"1311941";"18-APR-23";"15-NOV-25";
"OR007B506";"TCH";"896";"12-APR-23";"17-OTT-25";
"OR007B506";"TCI";"43867";"12-APR-23";"15-NOV-25";
"OR007B506";"TCL";"896";"12-APR-23";"17-OTT-25";
"OR007B506";"UCH";"896";"12-APR-23";"17-OTT-25";
"OR007B506";"UCL";"896";"12-APR-23";"17-OTT-25";
"OR007B506";"VAH";"893";"16-APR-23";"17-OTT-25";
"OR007B506";"VAL";"893";"16-APR-23";"17-OTT-25";
"OR007B506";"VAM";"131039";"16-APR-23";"15-NOV-25";
"OR007B506";"VAV";"131040";"16-APR-23";"15-NOV-25";
"OR009B501";"PCT";"1994314";"01-GEN-22";"15-NOV-25";
"OR009B501";"TCH";"1382";"01-GEN-22";"17-OTT-25";
"OR009B501";"TCI";"66483";"01-GEN-22";"15-NOV-25";
"OR009B501";"TCL";"1382";"01-GEN-22";"17-OTT-25";
"OR009B501";"UCH";"1382";"01-GEN-22";"17-OTT-25";
"OR009B501";"UCL";"1382";"01-GEN-22";"17-OTT-25";
"OR025B616";"DVA";"198687";"01-GEN-22";"15-NOV-25";
"OR025B616";"DVM";"198706";"01-GEN-22";"15-NOV-25";
"OR025B616";"LIT";"132547";"01-GEN-22";"15-NOV-25";
"OR025B616";"PCT";"1987082";"01-GEN-22";"15-NOV-25";
"OR025B616";"TCH";"1367";"01-GEN-22";"17-OTT-25";
"OR025B616";"TCI";"66194";"01-GEN-22";"15-NOV-25";
"OR025B616";"TCL";"1367";"01-GEN-22";"17-OTT-25";
"OR025B616";"UCH";"1367";"01-GEN-22";"17-OTT-25";
"OR025B616";"UCL";"1367";"01-GEN-22";"17-OTT-25";
"OR025B616";"VAH";"715";"18-OTT-23";"17-OTT-25";
"OR025B616";"VAL";"715";"18-OTT-23";"17-OTT-25";
"OR025B616";"VAM";"198706";"01-GEN-22";"15-NOV-25";
"OR025B616";"VAV";"198706";"01-GEN-22";"15-NOV-25";
"OR026B510";"PCT";"1991620";"01-GEN-22";"15-NOV-25";
"OR026B510";"TCH";"1380";"01-GEN-22";"17-OTT-25";
"OR026B510";"TCI";"66399";"01-GEN-22";"15-NOV-25";
"OR026B510";"TCL";"1380";"01-GEN-22";"17-OTT-25";
"OR026B510";"UCH";"1380";"01-GEN-22";"17-OTT-25";
"OR026B510";"UCL";"1380";"01-GEN-22";"17-OTT-25";
"OR027B568";"DVA";"199401";"01-GEN-22";"15-NOV-25";
"OR027B568";"DVM";"199409";"01-GEN-22";"15-NOV-25";
"OR027B568";"PCT";"1993924";"01-GEN-22";"15-NOV-25";
"OR027B568";"TCH";"1385";"01-GEN-22";"18-OTT-25";
"OR027B568";"TCI";"66481";"01-GEN-22";"15-NOV-25";
"OR027B568";"TCL";"1385";"01-GEN-22";"18-OTT-25";
"OR027B568";"UCH";"1385";"01-GEN-22";"18-OTT-25";
"OR027B568";"UCL";"1385";"01-GEN-22";"18-OTT-25";
"OR027B568";"VAM";"199409";"01-GEN-22";"15-NOV-25";
"OR027B568";"VAV";"199407";"01-GEN-22";"15-NOV-25";
"OR029B621";"LIT";"132842";"01-GEN-22";"15-NOV-25";
"OR029B621";"PCT";"1991734";"01-GEN-22";"15-NOV-25";
"OR029B621";"TCH";"1384";"01-GEN-22";"18-OTT-25";
"OR029B621";"TCI";"66424";"01-GEN-22";"15-NOV-25";
"OR029B621";"TCL";"1384";"01-GEN-22";"18-OTT-25";
"OR036B521";"LIT";"132982";"01-GEN-22";"15-NOV-25";
"OR036B521";"PCT";"1994560";"01-GEN-22";"15-NOV-25";
"OR036B521";"TCH";"1381";"01-GEN-22";"17-OTT-25";
"OR036B521";"TCI";"66494";"01-GEN-22";"15-NOV-25";
"OR036B521";"TCL";"1381";"01-GEN-22";"17-OTT-25";
"OR039B571";"DVA";"199406";"01-GEN-22";"15-NOV-25";
"OR039B571";"DVM";"199427";"01-GEN-22";"15-NOV-25";
"OR039B571";"PCT";"1994255";"01-GEN-22";"15-NOV-25";
"OR039B571";"TCH";"1385";"01-GEN-22";"18-OTT-25";
"OR039B571";"TCI";"66480";"01-GEN-22";"15-NOV-25";
"OR039B571";"TCL";"1385";"01-GEN-22";"18-OTT-25";
"OR039B571";"UCH";"1385";"01-GEN-22";"18-OTT-25";
"OR039B571";"UCL";"1385";"01-GEN-22";"18-OTT-25";
"OR039B571";"VAM";"199427";"01-GEN-22";"15-NOV-25";
"OR039B571";"VAV";"199430";"01-GEN-22";"15-NOV-25";
"OR046B628";"LIT";"132703";"01-GEN-22";"15-NOV-25";
"OR046B647";"PCT";"1992235";"01-GEN-22";"15-NOV-25";
"OR046B647";"TCH";"1316";"01-GEN-22";"17-OTT-25";
"OR046B647";"TCI";"66430";"01-GEN-22";"15-NOV-25";
"OR046B647";"TCL";"1316";"01-GEN-22";"17-OTT-25";
"OR046B647";"UCH";"1316";"01-GEN-22";"17-OTT-25";
"OR046B647";"UCL";"1316";"01-GEN-22";"17-OTT-25";
"OR057B592";"PCT";"1994344";"01-GEN-22";"15-NOV-25";
"OR057B592";"TCH";"1381";"01-GEN-22";"17-OTT-25";
"OR057B592";"TCI";"66481";"01-GEN-22";"15-NOV-25";
"OR057B592";"TCL";"1381";"01-GEN-22";"17-OTT-25";
"OR057B592";"UCH";"1381";"01-GEN-22";"17-OTT-25";
"OR057B592";"UCL";"1381";"01-GEN-22";"17-OTT-25";
"OR070B629";"LIT";"108922";"05-SET-22";"15-NOV-25";
"OR070B653";"LIT";"108763";"07-SET-22";"15-NOV-25";
"OR073B651";"LIT";"108759";"07-SET-22";"15-NOV-25";
"OR073B652";"LIT";"108762";"07-SET-22";"15-NOV-25";
"OR077B646";"LIT";"132855";"01-GEN-22";"15-NOV-25";
"SS002B532";"DVA";"199323";"01-GEN-22";"15-NOV-25";
"SS002B532";"DVM";"199340";"01-GEN-22";"15-NOV-25";
"SS002B532";"PCT";"1993423";"01-GEN-22";"15-NOV-25";
"SS002B532";"TCH";"1385";"01-GEN-22";"18-OTT-25";
"SS002B532";"TCI";"66449";"01-GEN-22";"15-NOV-25";
"SS002B532";"TCL";"1385";"01-GEN-22";"18-OTT-25";
"SS002B532";"UCH";"1385";"01-GEN-22";"18-OTT-25";
"SS002B532";"UCL";"1385";"01-GEN-22";"18-OTT-25";
"SS002B532";"VAM";"199340";"01-GEN-22";"15-NOV-25";
"SS002B532";"VAV";"199340";"01-GEN-22";"15-NOV-25";
"SS005B502";"PCT";"1994383";"01-GEN-22";"15-NOV-25";
"SS005B502";"TCH";"1382";"01-GEN-22";"17-OTT-25";
"SS005B502";"TCI";"66485";"01-GEN-22";"15-NOV-25";
"SS005B502";"TCL";"1382";"01-GEN-22";"17-OTT-25";
"SS005B502";"UCH";"1382";"01-GEN-22";"17-OTT-25";
"SS005B502";"UCL";"1382";"01-GEN-22";"17-OTT-25";
"SS007B528";"PCT";"1993990";"01-GEN-22";"15-NOV-25";
"SS007B528";"TCH";"1381";"01-GEN-22";"17-OTT-25";
"SS007B528";"TCI";"66473";"01-GEN-22";"15-NOV-25";
"SS007B528";"TCL";"1381";"01-GEN-22";"17-OTT-25";
"SS008B560";"PCT";"1970459";"01-GEN-22";"15-NOV-25";
"SS008B560";"TCH";"1366";"01-GEN-22";"17-OTT-25";
"SS008B560";"TCI";"65703";"01-GEN-22";"15-NOV-25";
"SS008B560";"TCL";"1366";"01-GEN-22";"17-OTT-25";
"SS012S071";"PCG";"1374";"01-GEN-22";"18-OTT-25";
"SS012S071";"PCT";"1979622";"01-GEN-22";"15-NOV-25";
"SS012S071";"TCG";"1377";"01-GEN-22";"18-OTT-25";
"SS012S071";"TCH";"1377";"01-GEN-22";"18-OTT-25";
"SS012S071";"TCI";"66016";"01-GEN-22";"15-NOV-25";
"SS012S071";"TCL";"1377";"01-GEN-22";"18-OTT-25";
"SS012S071";"TCM";"66017";"01-GEN-22";"15-NOV-25";
"SS012S071";"UCG";"1377";"01-GEN-22";"18-OTT-25";
"SS012S071";"UCH";"1377";"01-GEN-22";"18-OTT-25";
"SS012S071";"UCI";"66016";"01-GEN-22";"15-NOV-25";
"SS012S071";"UCL";"1377";"01-GEN-22";"18-OTT-25";
"SS014B619";"LIT";"132511";"01-GEN-22";"15-NOV-25";
"SS014B619";"PCT";"1986764";"01-GEN-22";"15-NOV-25";
"SS016B617";"LIT";"132863";"01-GEN-22";"15-NOV-25";
"SS016B617";"PCT";"1982601";"01-GEN-22";"15-NOV-25";
"SS016B618";"LIT";"106684";"01-GEN-22";"16-GEN-25";
"SS016B618";"PCT";"1600277";"01-GEN-22";"16-GEN-25";
"SS017B559";"DVA";"199146";"01-GEN-22";"15-NOV-25";
"SS017B559";"DVM";"199147";"01-GEN-22";"15-NOV-25";
"SS017B559";"PCT";"1994273";"01-GEN-22";"15-NOV-25";
"SS017B559";"TCH";"1385";"01-GEN-22";"18-OTT-25";
"SS017B559";"TCI";"66482";"01-GEN-22";"15-NOV-25";
"SS017B559";"TCL";"1385";"01-GEN-22";"18-OTT-25";
"SS017B559";"UCH";"1385";"01-GEN-22";"18-OTT-25";
"SS017B559";"UCL";"1385";"01-GEN-22";"18-OTT-25";
"SS017B559";"VAM";"199151";"01-GEN-22";"15-NOV-25";
"SS017B559";"VAV";"199147";"01-GEN-22";"15-NOV-25";
"SS018B586";"PCT";"1993290";"01-GEN-22";"15-NOV-25";
"SS018B586";"TCH";"1381";"01-GEN-22";"17-OTT-25";
"SS018B586";"TCI";"66448";"01-GEN-22";"15-NOV-25";
"SS018B586";"TCL";"1381";"01-GEN-22";"17-OTT-25";
"SS018B586";"UCH";"1381";"01-GEN-22";"17-OTT-25";
"SS018B586";"UCL";"1381";"01-GEN-22";"17-OTT-25";
"SS019B645";"LIT";"132854";"01-GEN-22";"15-NOV-25";
"SS024B544";"DVA";"199276";"01-GEN-22";"15-NOV-25";
"SS024B544";"DVM";"199327";"01-GEN-22";"15-NOV-25";
"SS024B544";"PCT";"1993220";"01-GEN-22";"15-NOV-25";
"SS024B544";"TCH";"1385";"01-GEN-22";"18-OTT-25";
"SS024B544";"TCI";"66444";"01-GEN-22";"15-NOV-25";
"SS024B544";"TCL";"1385";"01-GEN-22";"18-OTT-25";
"SS024B544";"UCH";"1385";"01-GEN-22";"18-OTT-25";
"SS024B544";"UCL";"1385";"01-GEN-22";"18-OTT-25";
"SS024B544";"VAM";"199327";"01-GEN-22";"15-NOV-25";
"SS024B544";"VAV";"199327";"01-GEN-22";"15-NOV-25";
"SS025B563";"PCT";"1994494";"01-GEN-22";"15-NOV-25";
"SS025B563";"TCH";"1381";"01-GEN-22";"17-OTT-25";
"SS025B563";"TCI";"66487";"01-GEN-22";"15-NOV-25";
"SS025B563";"TCL";"1381";"01-GEN-22";"17-OTT-25";
"SS025B563";"UCH";"1381";"01-GEN-22";"17-OTT-25";
"SS025B563";"UCL";"1381";"01-GEN-22";"17-OTT-25";
"SS026B517";"PCT";"1994502";"01-GEN-22";"15-NOV-25";
"SS026B517";"TCH";"1383";"01-GEN-22";"17-OTT-25";
"SS026B517";"TCI";"66491";"01-GEN-22";"15-NOV-25";
"SS026B517";"TCL";"1383";"01-GEN-22";"17-OTT-25";
"SS026B517";"UCH";"1383";"01-GEN-22";"17-OTT-25";
"SS026B517";"UCL";"1383";"01-GEN-22";"17-OTT-25";
"SS028B549";"PCT";"1994362";"01-GEN-22";"15-NOV-25";
"SS028B549";"TCH";"1383";"01-GEN-22";"17-OTT-25";
"SS028B549";"TCI";"66486";"01-GEN-22";"15-NOV-25";
"SS028B549";"TCL";"1383";"01-GEN-22";"17-OTT-25";
"SS028B549";"UCH";"1383";"01-GEN-22";"17-OTT-25";
"SS028B549";"UCL";"1383";"01-GEN-22";"17-OTT-25";
"SS033B541";"PCT";"1994292";"01-GEN-22";"15-NOV-25";
"SS033B541";"TCH";"1383";"01-GEN-22";"17-OTT-25";
"SS033B541";"TCI";"66483";"01-GEN-22";"15-NOV-25";
"SS033B541";"TCL";"1383";"01-GEN-22";"17-OTT-25";
"SS035B558";"DVA";"199441";"01-GEN-22";"15-NOV-25";
"SS035B558";"DVM";"199454";"01-GEN-22";"15-NOV-25";
"SS035B558";"PCT";"1994534";"01-GEN-22";"15-NOV-25";
"SS035B558";"TCH";"1379";"01-GEN-22";"17-OTT-25";
"SS035B558";"TCI";"66399";"01-GEN-22";"15-NOV-25";
"SS035B558";"TCL";"1379";"01-GEN-22";"17-OTT-25";
"SS035B558";"UCH";"1382";"01-GEN-22";"17-OTT-25";
"SS035B558";"UCL";"1382";"01-GEN-22";"17-OTT-25";
"SS035B558";"VAH";"1321";"03-MAR-22";"17-OTT-25";
"SS035B558";"VAL";"1321";"03-MAR-22";"17-OTT-25";
"SS035B558";"VAM";"199454";"01-GEN-22";"15-NOV-25";
"SS035B558";"VAV";"199454";"01-GEN-22";"15-NOV-25";
"SS037B580";"PCT";"1994476";"01-GEN-22";"15-NOV-25";
"SS037B580";"TCH";"1381";"01-GEN-22";"17-OTT-25";
"SS037B580";"TCI";"66485";"01-GEN-22";"15-NOV-25";
"SS037B580";"TCL";"1381";"01-GEN-22";"17-OTT-25";
"SS037B580";"UCH";"1381";"01-GEN-22";"17-OTT-25";
"SS037B580";"UCL";"1381";"01-GEN-22";"17-OTT-25";
"SS037S079";"DVA";"195549";"01-GEN-22";"15-NOV-25";
"SS037S079";"DVG";"1354";"01-GEN-22";"18-OTT-25";
"SS037S079";"DVH";"1354";"01-GEN-22";"18-OTT-25";
"SS037S079";"DVM";"195573";"01-GEN-22";"15-NOV-25";
"SS037S079";"DVV";"1354";"01-GEN-22";"18-OTT-25";
"SS037S079";"PCG";"1354";"01-GEN-22";"18-OTT-25";
"SS037S079";"PCT";"1955522";"01-GEN-22";"15-NOV-25";
"SS037S079";"TCG";"1356";"01-GEN-22";"18-OTT-25";
"SS037S079";"TCH";"1356";"01-GEN-22";"18-OTT-25";
"SS037S079";"TCI";"65203";"01-GEN-22";"15-NOV-25";
"SS037S079";"TCL";"1356";"01-GEN-22";"18-OTT-25";
"SS037S079";"TCM";"65202";"01-GEN-22";"15-NOV-25";
"SS037S079";"UCG";"1356";"01-GEN-22";"18-OTT-25";
"SS037S079";"UCH";"1356";"01-GEN-22";"18-OTT-25";
"SS037S079";"UCI";"65203";"01-GEN-22";"15-NOV-25";
"SS037S079";"UCL";"1356";"01-GEN-22";"18-OTT-25";
"SS037S079";"VAD";"1354";"01-GEN-22";"18-OTT-25";
"SS037S079";"VAG";"1354";"01-GEN-22";"18-OTT-25";
"SS037S079";"VAH";"1354";"01-GEN-22";"18-OTT-25";
"SS037S079";"VAI";"32597";"01-GEN-22";"13-NOV-25";
"SS037S079";"VAM";"195573";"01-GEN-22";"15-NOV-25";
"SS037S079";"VAV";"195573";"01-GEN-22";"15-NOV-25";
"SS038B556";"PCT";"1994299";"01-GEN-22";"15-NOV-25";
"SS038B556";"TCH";"1383";"01-GEN-22";"17-OTT-25";
"SS038B556";"TCI";"66481";"01-GEN-22";"15-NOV-25";
"SS038B556";"TCL";"1383";"01-GEN-22";"17-OTT-25";
"SS043B540";"LIT";"132871";"01-GEN-22";"15-NOV-25";
"SS043B540";"PCT";"1993074";"01-GEN-22";"15-NOV-25";
"SS043B540";"TCH";"1381";"01-GEN-22";"17-OTT-25";
"SS043B540";"TCI";"66435";"01-GEN-22";"15-NOV-25";
"SS043B540";"TCL";"1381";"01-GEN-22";"17-OTT-25";
"SS046B503";"PCT";"1994351";"01-GEN-22";"15-NOV-25";
"SS046B503";"TCH";"1383";"01-GEN-22";"17-OTT-25";
"SS046B503";"TCI";"66485";"01-GEN-22";"15-NOV-25";
"SS046B503";"TCL";"1383";"01-GEN-22";"17-OTT-25";
"SS046B644";"PCT";"1992756";"01-GEN-22";"15-NOV-25";
"SS046B644";"TCH";"1384";"01-GEN-22";"18-OTT-25";
"SS046B644";"TCI";"66430";"01-GEN-22";"15-NOV-25";
"SS046B644";"TCL";"1384";"01-GEN-22";"18-OTT-25";
"SS046B644";"UCH";"1384";"01-GEN-22";"18-OTT-25";
"SS046B644";"UCL";"1384";"01-GEN-22";"18-OTT-25";
"SS049B601";"DVA";"199387";"01-GEN-22";"15-NOV-25";
"SS049B601";"DVM";"199424";"01-GEN-22";"15-NOV-25";
"SS049B601";"LIT";"132968";"01-GEN-22";"15-NOV-25";
"SS049B601";"PCT";"1994234";"01-GEN-22";"15-NOV-25";
"SS049B601";"TCH";"1380";"01-GEN-22";"17-OTT-25";
"SS049B601";"TCI";"66474";"01-GEN-22";"15-NOV-25";
"SS049B601";"TCL";"1380";"01-GEN-22";"17-OTT-25";
"SS049B601";"VAH";"726";"18-OTT-23";"17-OTT-25";
"SS049B601";"VAL";"726";"18-OTT-23";"17-OTT-25";
"SS049B601";"VAM";"199424";"01-GEN-22";"15-NOV-25";
"SS049B601";"VAV";"199424";"01-GEN-22";"15-NOV-25";
"SS050B505";"PCT";"1994400";"01-GEN-22";"15-NOV-25";
"SS050B505";"TCH";"1383";"01-GEN-22";"17-OTT-25";
"SS050B505";"TCI";"66486";"01-GEN-22";"15-NOV-25";
"SS050B505";"TCL";"1383";"01-GEN-22";"17-OTT-25";
"SS050B505";"UCH";"1383";"01-GEN-22";"17-OTT-25";
"SS050B505";"UCL";"1383";"01-GEN-22";"17-OTT-25";
"SS052B526";"PCT";"1994472";"01-GEN-22";"15-NOV-25";
"SS052B526";"TCH";"1383";"01-GEN-22";"17-OTT-25";
"SS052B526";"TCI";"66491";"01-GEN-22";"15-NOV-25";
"SS052B526";"TCL";"1383";"01-GEN-22";"17-OTT-25";
"SS053B606";"DVA";"105440";"15-OTT-23";"15-NOV-25";
"SS053B606";"DVM";"199340";"01-GEN-22";"15-NOV-25";
"SS053B606";"LIT";"132955";"01-GEN-22";"15-NOV-25";
"SS053B606";"PCT";"1994212";"01-GEN-22";"15-NOV-25";
"SS053B606";"TCH";"1380";"01-GEN-22";"17-OTT-25";
"SS053B606";"TCI";"66461";"01-GEN-22";"15-NOV-25";
"SS053B606";"TCL";"1380";"01-GEN-22";"17-OTT-25";
"SS053B606";"UCH";"1380";"01-GEN-22";"17-OTT-25";
"SS053B606";"UCL";"1380";"01-GEN-22";"17-OTT-25";
"SS053B606";"VAH";"727";"18-OTT-23";"17-OTT-25";
"SS053B606";"VAL";"727";"18-OTT-23";"17-OTT-25";
"SS053B606";"VAM";"105453";"15-OTT-23";"15-NOV-25";
"SS053B606";"VAV";"199340";"01-GEN-22";"15-NOV-25";
"SS054B613";"DVA";"197300";"01-GEN-22";"15-NOV-25";
"SS054B613";"DVM";"199436";"01-GEN-22";"15-NOV-25";
"SS054B613";"LIT";"132946";"01-GEN-22";"15-NOV-25";
"SS054B613";"PCT";"1994343";"01-GEN-22";"15-NOV-25";
"SS054B613";"TCH";"1382";"01-GEN-22";"17-OTT-25";
"SS054B613";"TCI";"66485";"01-GEN-22";"15-NOV-25";
"SS054B613";"TCL";"1382";"01-GEN-22";"17-OTT-25";
"SS054B613";"VAH";"727";"19-OTT-23";"17-OTT-25";
"SS054B613";"VAL";"727";"19-OTT-23";"17-OTT-25";
"SS054B613";"VAM";"199436";"01-GEN-22";"15-NOV-25";
"SS054B613";"VAV";"199434";"01-GEN-22";"15-NOV-25";
"SS059B504";"PCT";"1994275";"01-GEN-22";"15-NOV-25";
"SS059B504";"TCH";"1381";"01-GEN-22";"17-OTT-25";
"SS059B504";"TCI";"66478";"01-GEN-22";"15-NOV-25";
"SS059B504";"TCL";"1381";"01-GEN-22";"17-OTT-25";
"SS059B504";"UCH";"1381";"01-GEN-22";"17-OTT-25";
"SS059B504";"UCL";"1381";"01-GEN-22";"17-OTT-25";
"SS060B561";"PCT";"1994222";"01-GEN-22";"15-NOV-25";
"SS060B561";"TCH";"1267";"01-GEN-22";"17-OTT-25";
"SS060B561";"TCI";"61054";"01-GEN-22";"15-NOV-25";
"SS060B561";"TCL";"1267";"01-GEN-22";"17-OTT-25";
"SS060B561";"UCH";"1383";"01-GEN-22";"17-OTT-25";
"SS060B561";"UCL";"1383";"01-GEN-22";"17-OTT-25";
"SS060B597";"DVA";"199204";"01-GEN-22";"15-NOV-25";
"SS060B597";"DVM";"199423";"01-GEN-22";"15-NOV-25";
"SS060B597";"LIT";"132958";"01-GEN-22";"15-NOV-25";
"SS060B597";"PCT";"1994311";"01-GEN-22";"15-NOV-25";
"SS060B597";"TCH";"1383";"01-GEN-22";"17-OTT-25";
"SS060B597";"TCI";"66484";"01-GEN-22";"15-NOV-25";
"SS060B597";"TCL";"1383";"01-GEN-22";"17-OTT-25";
"SS060B597";"UCH";"1383";"01-GEN-22";"17-OTT-25";
"SS060B597";"UCL";"1383";"01-GEN-22";"17-OTT-25";
"SS060B597";"VAH";"1383";"01-GEN-22";"17-OTT-25";
"SS060B597";"VAL";"1383";"01-GEN-22";"17-OTT-25";
"SS060B597";"VAM";"199423";"01-GEN-22";"15-NOV-25";
"SS060B597";"VAV";"199423";"01-GEN-22";"15-NOV-25";
"SS066B590";"DVA";"199284";"01-GEN-22";"15-NOV-25";
"SS066B590";"DVM";"199315";"01-GEN-22";"15-NOV-25";
"SS066B590";"PCT";"1993168";"01-GEN-22";"15-NOV-25";
"SS066B590";"TCH";"1385";"01-GEN-22";"18-OTT-25";
"SS066B590";"TCI";"66411";"01-GEN-22";"15-NOV-25";
"SS066B590";"TCL";"1385";"01-GEN-22";"18-OTT-25";
"SS066B590";"UCH";"1385";"01-GEN-22";"18-OTT-25";
"SS066B590";"UCL";"1385";"01-GEN-22";"18-OTT-25";
"SS066B590";"VAM";"199315";"01-GEN-22";"15-NOV-25";
"SS066B590";"VAV";"199315";"01-GEN-22";"15-NOV-25";
"SS068B593";"PCT";"1861594";"01-GEN-22";"15-NOV-25";
"SS068B593";"TCH";"1381";"01-GEN-22";"17-OTT-25";
"SS068B593";"TCI";"66477";"01-GEN-22";"15-NOV-25";
"SS068B593";"TCL";"1381";"01-GEN-22";"17-OTT-25";
"SS068B593";"UCH";"1381";"01-GEN-22";"17-OTT-25";
"SS068B593";"UCL";"1381";"01-GEN-22";"17-OTT-25";
"SS070B615";"DVA";"198975";"01-GEN-22";"15-NOV-25";
"SS070B615";"DVM";"199401";"01-GEN-22";"15-NOV-25";
"SS070B615";"LIT";"132945";"01-GEN-22";"15-NOV-25";
"SS070B615";"PCT";"1994091";"01-GEN-22";"15-NOV-25";
"SS070B615";"TCH";"1376";"01-GEN-22";"17-OTT-25";
"SS070B615";"TCI";"66472";"01-GEN-22";"15-NOV-25";
"SS070B615";"TCL";"1376";"01-GEN-22";"17-OTT-25";
"SS070B615";"VAH";"728";"18-OTT-23";"17-OTT-25";
"SS070B615";"VAL";"728";"18-OTT-23";"17-OTT-25";
"SS070B615";"VAM";"199401";"01-GEN-22";"15-NOV-25";
"SS070B615";"VAV";"199401";"01-GEN-22";"15-NOV-25";
"SS078B545";"DVA";"199215";"01-GEN-22";"15-NOV-25";
"SS078B545";"DVM";"199383";"01-GEN-22";"15-NOV-25";
"SS078B545";"PCT";"1993932";"01-GEN-22";"15-NOV-25";
"SS078B545";"TCH";"1371";"01-GEN-22";"17-OTT-25";
"SS078B545";"TCI";"66454";"01-GEN-22";"15-NOV-25";
"SS078B545";"TCL";"1371";"01-GEN-22";"17-OTT-25";
"SS078B545";"VAH";"1371";"01-GEN-22";"17-OTT-25";
"SS078B545";"VAL";"1371";"01-GEN-22";"17-OTT-25";
"SS078B545";"VAM";"199383";"01-GEN-22";"15-NOV-25";
"SS078B545";"VAV";"199383";"01-GEN-22";"15-NOV-25";
"SS081B507";"LIT";"132841";"01-GEN-22";"15-NOV-25";
"SS081B507";"PCT";"1994488";"01-GEN-22";"15-NOV-25";
"SS081B507";"TCH";"1382";"01-GEN-22";"17-OTT-25";
"SS081B507";"TCI";"66482";"01-GEN-22";"15-NOV-25";
"SS081B507";"TCL";"1382";"01-GEN-22";"17-OTT-25";
"SS081B564";"PCT";"1994293";"01-GEN-22";"15-NOV-25";
"SS081B564";"TCH";"1382";"01-GEN-22";"17-OTT-25";
"SS081B564";"TCI";"66482";"01-GEN-22";"15-NOV-25";
"SS081B564";"TCL";"1382";"01-GEN-22";"17-OTT-25";
"SS086B589";"LIT";"132824";"01-GEN-22";"15-NOV-25";
"SS086B589";"PCT";"1994090";"01-GEN-22";"15-NOV-25";
"SS086B589";"TCH";"1377";"01-GEN-22";"17-OTT-25";
"SS086B589";"TCI";"66480";"01-GEN-22";"15-NOV-25";
"SS086B589";"TCL";"1377";"01-GEN-22";"17-OTT-25";
"SS087B585";"PCT";"1994124";"01-GEN-22";"15-NOV-25";
"SS087B585";"TCH";"1381";"01-GEN-22";"17-OTT-25";
"SS087B585";"TCI";"66474";"01-GEN-22";"15-NOV-25";
"SS087B585";"TCL";"1381";"01-GEN-22";"17-OTT-25";
"SS088B569";"PCT";"1994316";"01-GEN-22";"15-NOV-25";
"SS088B569";"TCH";"1382";"01-GEN-22";"17-OTT-25";
"SS088B569";"TCI";"66478";"01-GEN-22";"15-NOV-25";
"SS088B569";"TCL";"1382";"01-GEN-22";"17-OTT-25";
"SS089B600";"DVA";"105393";"15-OTT-23";"15-NOV-25";
"SS089B600";"DVM";"105396";"15-OTT-23";"15-NOV-25";
"SS089B600";"PCT";"1992905";"01-GEN-22";"15-NOV-25";
"SS089B600";"TCH";"1381";"01-GEN-22";"17-OTT-25";
"SS089B600";"TCI";"66431";"01-GEN-22";"15-NOV-25";
"SS089B600";"TCL";"1381";"01-GEN-22";"17-OTT-25";
"SS089B600";"VAH";"730";"15-OTT-23";"17-OTT-25";
"SS089B600";"VAL";"730";"15-OTT-23";"17-OTT-25";
"SS089B600";"VAM";"105396";"15-OTT-23";"15-NOV-25";
"SS089B600";"VAV";"105396";"15-OTT-23";"15-NOV-25";
